{"cameraMode":{"drawMode":0,"name":"Shaded","section":"Shading Mode"},"sceneLighting":true,"audioPlay":false,"sceneViewState":{"showFog":true,"showMaterialUpdate":false,"showSkybox":true,"showFlares":true,"showImageEffects":true,"showParticleSystems":true},"in2DMode":false,"pivot":{"x":274.688720703125,"y":238.45957946777345,"z":33.597930908203128},"rotation":{"x":-0.0017270599491894246,"y":0.9982010722160339,"z":-0.035950932651758197,"w":-0.04795045778155327},"size":309.0503845214844,"orthographic":false}